id;name;mobile;email;address;city;firm_name;birthday;aniversary
1;Assistant;57201;Lawson_Green@gmail.com;mint green payment Bedfordshire;Breitenbergland;SQL;2020-10-07;2020-10-06
2;mission-critical auxiliary;12633;Theodore52@yahoo.com;generate Hong Kong alarm;Lake Kyliefort;Chile dedicated;2020-10-07;2020-10-07
3;Pa'anga Directives Direct;78320;Velda_DuBuque42@yahoo.com;Progressive;Hansenburgh;Lilangeni;2020-10-07;2020-10-07
4;Generic Spurs;65488;Edward25@hotmail.com;multi-byte;O'Connellton;digital Ford Licensed;2020-10-07;2020-10-07
5;Yuan Renminbi Algerian Dinar;61273;Olen67@hotmail.com;Investment Account Chair azure;Lake Gracestad;invoice Games invoice;2020-10-07;2020-10-07
6;Nevada connect Handcrafted;61644;Evangeline20@hotmail.com;application;Lake Carleemouth;Berkshire;2020-10-07;2020-10-07
7;fuchsia Robust;19489;Jake88@hotmail.com;transparent;Morarmouth;Handcrafted Metrics;2020-10-07;2020-10-07
8;Liaison Auto Loan Account;22517;Brendan_Keebler@gmail.com;Intelligent Cotton Sausages;Alleneview;Stravenue overriding Designer;2020-10-07;2020-10-07
9;invoice;4371;Clair.Schultz@yahoo.com;fuchsia transitional;Eulalialand;black;2020-10-06;2020-10-07
10;Manat;28916;Lillie.Beahan98@hotmail.com;wireless SAS;New Susannaberg;Stand-alone Intranet;2020-10-07;2020-10-07
